shop_id_sales;shop_id;shop_name
45832;OF000086;C
45282;OF000090;C
37533;OF000106;C
56190;OF000378;C
34057;OF000485;A
207141;OF001894;E
201854;OF002118;E
38543;OF002168;A
36083;OF002178;A
74563;OF002187;A
56071;OF002212;C
56817;OF002295;C
75512;OF002799;C
32269;OF002873;D
47762;OF002989;C
207829;OF003223;E
41172;OF003317;C
76153;OF003338;C
205557;OF003713;E
206165;OF003752;E
36085;OF004710;A
41703;OF004749;C
47968;OF004759;C
41702;OF004764;C
31686;OF004766;A
46263;OF004770;C
32743;OF004805;A
29691;OF004975;C
237062;OF005758;F
236784;OF005761;F
329805;OF005784;M
51541;OF005835;B
36923;OF007410;A
40917;OF007548;B
40784;OF007566;B
199794;OF007641;E
28976;OF008068;B
200611;OF008334;E
52364;OF008958;C
38995;OF009003;C
49346;OF009030;C
213307;OF009043;E
212795;OF009061;E
212443;OF009097;E
213085;OF009118;E
214247;OF009131;E
209830;OF009135;E
213227;OF009139;E
61516;OF009203;C
40403;OF009243;C
30340;OF009324;C
236703;OF009398;F
201028;OF009407;E
62058;OF009416;C
48912;OF009433;C
62069;OF009468;C
54905;OF009917;C
40371;OF009923;C
45131;OF009975;C
45009;OF009979;C
29482;OF009981;C
29289;OF010044;C
51394;OF010172;C
214306;OF010413;E
200704;OF010486;E
54998;OF010492;C
42235;OF010625;C
203095;OF010737;E
41693;OF010841;C
204710;OF011108;E
30112;OF011115;C
53110;OF011134;C
40390;OF011162;C
40413;OF011179;C
55859;OF011189;C
48677;OF011195;C
40415;OF011227;C
209352;OF011270;E
211501;OF011273;E
214418;OF011290;E
341297;OF011307;E
211171;OF011317;E
210131;OF011328;E
46292;OF011418;B
52898;OF011421;D
51649;OF011746;B
52897;OF011755;D
57095;OF011762;D
76372;OF011771;D
214291;OF013519;E
213739;OF013525;E
213717;OF013533;E
209367;OF013573;E
213953;OF013579;E
49933;OF013616;C
329778;OF013920;M
201471;OF014153;E
51637;OF014368;B
237068;OF014375;N
42664;OF014385;C
29039;OF014410;C
34914;OF014432;C
196008;OF014445;C
237005;OF014491;F
48377;OF014887;C
53184;OF015445;C
205126;OF016065;E
207315;OF016067;E
213271;OF016072;E
204211;OF016110;E
59457;OF016450;C
52819;OF016455;C
29949;OF016465;C
201513;OF016555;E
211205;OF017212;E
94532;OF017291;C
206571;OF017363;E
41499;OF017369;B
40706;OF017472;C
95058;OF017617;C
237011;OF017662;F
200730;OF017949;E
236783;OF017965;F
37958;OF018095;B
76365;OF018097;D
46191;OF018108;C
204302;OF018124;E
93106;OF018136;C
49546;OF018147;C
93102;OF018282;C
210744;OF018492;E
204231;OF018567;E
200142;OF018601;E
32826;OF018612;A
204372;OF018622;E
200747;OF018634;E
204478;OF018667;E
37971;OF018684;B
209841;OF018800;E
201328;OF018934;E
209718;OF019061;E
93314;OF019291;C
155594;OF019522;C
196409;OF019940;C
114382;OF020063;C
200810;OF020236;E
157140;OF020299;B
154634;OF020309;B
212362;OF020396;E
210779;OF020520;E
213212;OF020526;E
92971;OF020541;C
155757;OF020556;C
155556;OF020820;C
205544;OF021347;E
236807;OF021517;F
37572;OF021587;B
51551;OF021610;B
215576;OF021623;C
213607;OF021747;E
46726;OF021748;C
210201;OF021749;E
210195;OF021750;E
210937;OF021751;E
201788;OF021812;E
231393;OF022178;B
114374;OF022237;C
236516;OF022748;F
236860;OF022808;F
41809;OF022827;C
74653;OF022913;A
55211;OF023180;C
236594;OF023242;F
93028;OF023251;C
212159;OF023863;E
221381;OF023969;E
211420;OF024685;E
239082;OF025626;E
236756;OF025702;F
50330;OF000380;C
31365;OF000472;A
55831;OF001977;C
207665;OF002116;E
204717;OF002120;E
74559;OF002175;A
31282;OF002190;A
30536;OF002210;C
53192;OF002213;C
34196;OF002764;A
45922;OF002786;C
236151;OF002887;N
207924;OF002928;E
202196;OF003191;E
49650;OF003325;C
204377;OF003720;E
46677;OF003909;C
41704;OF004731;C
47320;OF004734;C
237067;OF004736;F
47970;OF004751;C
206904;OF004776;E
47969;OF004783;C
56871;OF004788;C
236416;OF005723;N
236573;OF005748;F
236102;OF005767;F
40061;OF005834;B
236728;OF007326;F
47309;OF007411;C
236819;OF007607;F
199631;OF008110;E
207085;OF008340;E
31353;OF008783;C
329800;OF008860;M
44023;OF008893;C
42006;OF009031;C
208601;OF009055;E
211337;OF009070;E
211449;OF009101;E
212698;OF009108;E
210863;OF009142;E
47897;OF009172;C
48705;OF009245;C
55920;OF009319;C
42047;OF009343;C
31354;OF009391;C
201460;OF009408;E
48728;OF009453;C
39790;OF009969;C
202693;OF010488;E
203820;OF010817;E
200238;OF010995;E
55862;OF011133;C
42018;OF011178;C
53224;OF011193;C
47909;OF011202;C
47881;OF011220;C
40394;OF011232;C
236950;OF011263;F
210383;OF011292;E
213306;OF011321;E
51552;OF011489;B
202707;OF011655;E
59027;OF011749;D
52895;OF011765;D
55012;OF011905;C
30344;OF012143;C
49159;OF012177;C
47583;OF012259;C
209833;OF013511;E
75881;OF013514;C
213455;OF013527;E
212617;OF013540;E
42440;OF013556;C
210147;OF013581;E
50224;OF013655;C
212993;OF013932;E
51460;OF014099;C
200863;OF014185;E
34513;OF014194;B
28973;OF014371;B
38271;OF014411;C
52889;OF014489;D
213047;OF016027;E
209529;OF016071;E
212177;OF016312;E
213077;OF016315;E
75732;OF016443;C
55624;OF016462;C
236481;OF016507;F
214264;OF016723;E
236095;OF017026;F
75120;OF017245;B
94204;OF017393;C
94635;OF017421;C
207603;OF017478;E
236871;OF017597;F
236279;OF017606;F
94203;OF017669;C
236975;OF017964;F
28971;OF018090;B
41453;OF018098;C
64107;OF018104;C
50233;OF018109;C
31342;OF018114;C
200869;OF018157;E
29292;OF018165;C
54204;OF018175;C
207975;OF018190;E
54880;OF018213;C
75313;OF018227;C
45198;OF018265;C
55059;OF018291;C
75318;OF018306;C
205894;OF018336;E
201479;OF018625;E
203418;OF018627;E
201155;OF018629;E
205743;OF018647;E
206496;OF018662;E
93355;OF018685;C
46274;OF018688;C
208171;OF018824;E
203729;OF019033;E
204232;OF019102;E
47585;OF019313;C
239403;OF019355;E
202573;OF019404;E
95534;OF019484;C
208167;OF019545;E
204776;OF019558;E
236993;OF019722;F
201753;OF020241;E
236951;OF020307;F
211016;OF020399;E
201797;OF020403;E
201383;OF020408;E
201613;OF020423;E
211646;OF020534;E
208592;OF020567;E
200946;OF020588;E
199647;OF020590;E
93036;OF020594;C
44970;OF020639;C
207566;OF020936;E
114378;OF021342;E
204501;OF021360;E
28972;OF021590;B
236410;OF021592;F
212236;OF021595;E
236598;OF021602;F
29831;OF021616;C
211428;OF021618;E
209626;OF021619;E
216237;OF021620;C
211497;OF021624;E
213851;OF021627;E
209978;OF021736;E
210150;OF021797;E
197165;OF021803;C
236851;OF021862;N
236708;OF021863;N
212857;OF021962;E
211709;OF022075;E
216991;OF022173;C
203444;OF022231;E
236910;OF022265;F
207061;OF023002;E
200681;OF023042;E
207067;OF023069;E
221376;OF023115;E
236855;OF023132;F
217693;OF023213;C
204743;OF023277;E
208749;OF023723;E
209157;OF024415;E
41828;OF024474;C
239430;OF025181;F
328775;OF025473;F
206026;OF000025;E
45892;OF000096;C
33589;OF000192;A
31359;OF000361;C
329842;OF001840;M
32686;OF001934;A
201085;OF002122;E
35268;OF002192;A
50186;OF002214;C
56072;OF002216;C
42230;OF002217;C
49912;OF002219;C
236204;OF002889;F
206025;OF003204;E
34653;OF003237;A
53182;OF003254;C
76364;OF003690;D
206561;OF003726;E
45907;OF003787;C
34460;OF004551;A
36930;OF004582;A
32744;OF004711;A
56872;OF004771;C
201031;OF004791;E
237019;OF005777;F
329826;OF005785;M
75091;OF005831;B
36585;OF007341;A
51647;OF007490;B
46968;OF007564;C
47386;OF008332;C
236455;OF008774;F
236307;OF008780;F
329836;OF008861;M
30104;OF009028;C
213570;OF009067;E
208561;OF009105;E
211531;OF009140;E
47900;OF009182;C
55864;OF009210;C
48835;OF009225;C
48691;OF009254;C
34509;OF009389;B
207923;OF009414;E
62053;OF009448;C
212009;OF010414;E
40293;OF010452;C
35271;OF010825;A
48056;OF011011;C
54454;OF011125;C
30115;OF011139;C
75879;OF011149;C
53220;OF011166;C
53112;OF011174;C
50506;OF011208;C
47911;OF011223;C
210950;OF011269;E
210174;OF011284;E
213874;OF011303;E
212349;OF011314;E
236381;OF011460;F
56622;OF011753;D
202327;OF011907;E
48708;OF012212;C
37955;OF012383;B
209532;OF013508;E
212160;OF013534;E
42439;OF013554;C
236354;OF013566;F
207772;OF013670;E
56330;OF013678;C
205355;OF013876;E
210227;OF014030;E
201710;OF014191;E
40788;OF014370;B
51175;OF014382;D
41550;OF014399;C
39427;OF014417;C
41564;OF014430;C
42765;OF014435;C
201705;OF014478;E
94634;OF014490;C
236826;OF014941;F
42215;OF015442;C
94640;OF016030;C
34623;OF016296;B
29950;OF016468;C
201140;OF016515;E
206770;OF016530;E
93539;OF016940;C
51584;OF017247;B
93294;OF017331;C
234220;OF017435;F
199809;OF017455;E
209745;OF017518;E
236490;OF017605;F
202563;OF017732;E
237079;OF017824;F
204228;OF017950;E
76132;OF018087;C
206698;OF018111;E
43478;OF018127;C
45307;OF018135;C
54200;OF018154;C
45267;OF018166;C
49677;OF018193;C
55060;OF018236;C
93109;OF018275;C
93075;OF018357;C
201331;OF018565;E
203199;OF018603;E
94239;OF018618;C
199801;OF018623;E
94208;OF018640;C
30608;OF018661;A
203264;OF018675;E
205404;OF018791;E
40907;OF018845;B
155496;OF019017;C
212863;OF019189;E
237037;OF019201;F
201828;OF019401;E
201512;OF019456;E
204300;OF019485;E
195664;OF019515;C
196460;OF019934;C
236976;OF020098;F
207166;OF020143;E
196145;OF020157;C
203548;OF020409;E
205908;OF020414;E
195818;OF020418;C
214034;OF020517;E
209802;OF020551;E
94051;OF020560;C
200219;OF020585;E
196171;OF020661;C
112515;OF020971;C
236725;OF021589;F
236110;OF021600;F
208982;OF021628;E
41824;OF021631;C
213659;OF021634;E
48460;OF021636;C
211212;OF021666;E
211592;OF021761;E
210075;OF021765;E
201366;OF021814;E
94059;OF021820;C
212629;OF021830;E
210157;OF021836;E
211749;OF021966;E
46724;OF022076;C
216920;OF022176;C
230483;OF022974;E
234217;OF023046;E
93030;OF023255;C
213345;OF024416;E
239050;OF024541;E
256677;OF025388;B
200998;OF000016;E
33190;OF000195;A
203078;OF000283;E
207355;OF002124;E
28094;OF002188;A
49083;OF002200;C
50187;OF002203;C
236867;OF002888;N
236922;OF003190;F
75972;OF003308;C
50482;OF004557;C
41697;OF004730;C
205817;OF004748;E
33303;OF004760;A
236904;OF005727;N
236753;OF005749;F
329859;OF005781;M
40815;OF005830;B
34049;OF007744;A
40785;OF007754;B
208038;OF007953;E
200097;OF008113;E
236411;OF008768;F
75858;OF009213;C
49348;OF009265;C
51543;OF009392;B
206205;OF009402;E
49453;OF009461;C
41205;OF009972;C
49092;OF010827;C
49463;OF011016;C
49400;OF011229;C
211442;OF011305;E
211984;OF011316;E
51556;OF011741;B
51557;OF011747;B
42889;OF011760;D
205130;OF011910;E
75092;OF013561;B
208226;OF013569;E
212787;OF013575;E
211744;OF013601;E
205138;OF013666;E
236872;OF013989;F
56863;OF014172;C
56630;OF014381;D
51477;OF014488;D
204464;OF015522;E
93346;OF016109;C
34510;OF016439;B
59456;OF016475;C
47924;OF016501;C
203484;OF016533;E
201217;OF017222;E
94084;OF017476;C
236090;OF017603;F
236463;OF018128;F
40370;OF018155;C
42807;OF018277;C
45010;OF018335;C
207106;OF018669;E
35480;OF018680;A
205875;OF018721;E
94331;OF018900;C
236308;OF019202;F
255778;OF019349;E
94919;OF019409;C
196078;OF019489;C
94207;OF020158;C
196136;OF020973;C
205078;OF021501;E
215844;OF021508;E
205521;OF021524;E
50058;OF021527;C
212780;OF021752;E
208878;OF021800;E
211273;OF021961;E
208304;OF021964;E
205547;OF022082;C
209477;OF022086;E
215797;OF023114;E
200705;OF023291;E
239505;OF024540;F
240663;OF025385;F
240608;OF025620;E
202156;OF025699;E
37530;OF000102;C
236692;OF000265;F
74575;OF000478;A
202779;OF002119;E
74558;OF002183;A
56070;OF002197;C
53197;OF002207;C
329824;OF002719;M
47743;OF002779;C
42423;OF002869;C
49652;OF003312;C
206014;OF003712;E
51446;OF003860;C
36612;OF004552;A
203099;OF004738;E
31332;OF004743;A
46266;OF004752;C
329774;OF004784;M
236445;OF005729;N
236466;OF005744;F
236378;OF005752;F
236479;OF005771;F
329820;OF005782;M
36583;OF007337;A
203090;OF007640;E
236472;OF008108;F
46261;OF008431;C
211988;OF009018;E
48721;OF009329;C
50976;OF009450;C
236189;OF009624;F
38857;OF010248;B
203527;OF010738;E
206647;OF010816;E
47316;OF010840;C
201009;OF010997;E
62070;OF011021;C
47910;OF011236;C
236503;OF011462;F
59028;OF011750;D
57091;OF011754;D
201765;OF011906;E
34856;OF011911;A
205757;OF012158;E
207412;OF012221;E
52062;OF013558;C
213624;OF013576;E
42251;OF013608;C
42264;OF013623;C
201375;OF013673;E
329819;OF014367;M
52896;OF016309;D
47268;OF016459;C
236164;OF017608;F
54394;OF018103;C
202104;OF018138;E
42802;OF018158;C
54904;OF018170;C
44804;OF018194;C
236188;OF018208;F
44477;OF018220;C
41023;OF018242;C
32825;OF018614;A
27894;OF018681;A
201411;OF018793;E
236359;OF019011;F
206764;OF019222;E
236135;OF019493;F
205762;OF020244;E
195736;OF020417;C
231787;OF020545;E
196543;OF020974;C
212995;OF021617;E
213364;OF021744;E
213048;OF021967;E
196523;OF022767;C
234281;OF023119;E
214001;OF024100;E
239399;OF024539;D
255889;OF025469;F
204627;OF000018;E
41603;OF000099;C
74542;OF001935;A
236163;OF008107;F
210071;OF009016;E
210712;OF009126;E
48826;OF009263;C
39787;OF009976;C
200518;OF011841;E
201423;OF012149;E
94085;OF017474;C
94236;OF018619;C
211854;OF020640;E
155654;OF020977;C
221599;OF022171;C
211989;OF023720;E
51362;OF004779;C
236418;OF008775;F
210762;OF009015;E
213641;OF009021;E
34194;OF009631;A
75105;OF010426;B
329839;OF010971;M
56814;OF012209;C
208275;OF017221;E
204411;OF017290;E
43977;OF018163;C
33403;OF018728;A
154632;OF020812;B
236091;OF022749;F
204396;OF000026;E
329801;OF008765;M
236927;OF008771;F
40570;OF009438;C
48698;OF011151;C
214085;OF011324;E
38445;OF011485;B
55898;OF014062;C
202044;OF014895;E
236399;OF017035;N
46305;OF017301;B
56617;OF018099;D
204734;OF018749;E
236618;OF020289;F
204358;OF020419;E
47114;OF000094;C
210364;OF009115;E
46595;OF010752;C
47044;OF011745;B
94628;OF016500;C
93486;OF016744;C
207958;OF017293;E
76366;OF018088;D
37009;OF018178;C
94074;OF018490;C
34624;OF020811;B
236778;OF023128;F
33622;OF025175;A
202984;OF002121;E
203835;OF005260;E
203850;OF005276;E
202258;OF005303;E
54451;OF008785;C
32273;OF011757;D
236379;OF013923;F
199708;OF017280;E
201624;OF017285;E
75363;OF018141;C
32827;OF018566;A
47116;OF019111;C
236409;OF005773;F
200339;OF007642;E
212851;OF010415;E
211901;OF016058;E
202131;OF017263;E
236820;OF017595;F
237018;OF021033;F
232370;OF022343;E
203346;OF000281;E
236105;OF005746;F
237046;OF005751;F
236635;OF005754;F
236120;OF005765;F
329837;OF005779;M
48376;OF010750;C
203511;OF011497;E
236324;OF014907;F
236744;OF015032;F
236477;OF017028;F
236209;OF019723;F
95947;OF020301;B
37444;OF022878;A
236430;OF023134;F
236267;OF024295;F
75525;OF004723;C
47905;OF011213;C
47908;OF011234;C
209929;OF011287;E
213483;OF011323;E
40820;OF011486;B
75581;OF014883;C
236150;OF017598;F
54441;OF018093;C
208356;OF019082;E
40928;OF023126;B
236377;OF005719;F
236861;OF005776;F
40773;OF005832;B
212051;OF009144;E
55900;OF009456;C
51314;OF010765;C
30345;OF012152;C
205163;OF017270;E
205945;OF017287;E
93482;OF017292;C
236081;OF017599;F
42417;OF018101;C
94611;OF018122;C
215574;OF021507;C
236709;OF008773;F
30933;OF014064;C
236420;OF014900;F
206701;OF014918;E
37974;OF017033;B
236707;OF017591;F
36713;OF018256;C
213233;OF021002;E
33327;OF005870;A
200763;OF010974;E
236822;OF014937;F
339072;OF020293;F
35859;OF025012;A
36180;OF005044;A
56870;OF004727;C
236614;OF021588;F
328845;OF026168;F
216755;OF005126;E
200082;OF009620;E
195648;OF020975;C
202247;OF021019;E
236745;OF021596;F
52745;OF021709;C
212239;OF021719;E
236571;OF025436;F
203467;OF005111;E
200150;OF005113;E
37257;OF005858;A
201440;OF011616;E
55013;OF018617;C
236990;OF023122;F
155781;OF022791;C
201449;OF005295;E
209228;OF013582;E
50349;OF020151;C
239411;OF025509;E
203863;OF002912;E
207017;OF005551;E
201780;OF010839;E
28196;OF011587;A
48969;OF016454;C
202134;OF016509;E
94335;OF017014;C
93938;OF023147;C
240595;OF025481;E
255853;OF025505;E
256354;OF025542;F
200095;OF026178;E
204359;OF002114;E
46932;OF011712;C
75733;OF016486;C
94060;OF020519;C
221494;OF022969;E
93933;OF023145;C
201295;OF026177;E
202777;OF000302;E
36385;OF000467;A
206786;OF003723;E
29668;OF009861;C
63473;OF010507;C
55866;OF011214;C
59454;OF016447;C
48551;OF016498;C
202532;OF018901;E
201529;OF019103;E
205165;OF000313;E
50599;OF000343;C
49888;OF000382;C
206079;OF003736;E
34819;OF005460;A
37121;OF005471;A
35594;OF005476;A
28186;OF007512;A
76007;OF013620;C
200471;OF016520;E
41320;OF016713;C
95363;OF018337;C
236518;OF021839;F
208066;OF022992;E
93937;OF023146;C
216309;OF023228;C
255787;OF025483;E
49885;OF000363;C
204099;OF005556;E
207093;OF005913;E
200638;OF005955;E
201887;OF009520;E
206883;OF017672;E
236719;OF022376;F
255773;OF025501;E
204392;OF005549;E
236196;OF008229;F
237029;OF008810;F
200555;OF017816;E
204839;OF019888;E
234911;OF025077;C
255854;OF025506;E
200652;OF001898;E
36420;OF001939;A
203194;OF002904;E
208050;OF003735;E
206157;OF011652;E
200016;OF017241;E
200262;OF020145;E
200460;OF021583;E
155766;OF023223;C
210508;OF009155;E
213700;OF009093;E
236934;OF014786;F
240651;OF025382;F
208064;OF005915;E
201124;OF005940;E
205324;OF016250;E
33418;OF005012;A
207464;OF005098;E
41676;OF009863;C
41415;OF011713;C
40771;OF014392;C
232392;OF023239;E
204685;OF005079;E
207618;OF005918;E
205241;OF005931;E
200827;OF005933;E
236453;OF008867;F
207524;OF011627;E
47722;OF014441;C
237049;OF018842;F
200551;OF019224;E
196503;OF020908;C
196388;OF021346;C
217448;OF023083;E
212783;OF023731;E
202193;OF024230;E
236535;OF025617;F
237084;OF025669;F
35596;OF005027;A
203417;OF005123;E
49414;OF009436;C
221334;OF023745;E
236068;OF025435;F
330001;OF025733;F
33172;OF005860;A
200525;OF005930;E
41683;OF009862;C
236645;OF022342;F
340220;OF026143;F
208072;OF018927;E
48910;OF009326;C
40562;OF009419;C
51220;OF015033;C
94091;OF022769;C
216382;OF023341;C
200420;OF026170;E
203912;OF005116;E
55931;OF009421;C
213863;OF019046;E
210098;OF020568;E
236945;OF023131;F
221414;OF024372;E
207642;OF005922;E
48717;OF009384;C
30339;OF009446;C
213960;OF018825;E
210550;OF018827;E
210355;OF020521;E
213923;OF020571;E
195873;OF023816;C
48042;OF009449;C
209679;OF019190;E
206231;OF005700;E
207082;OF005705;E
30331;OF009328;C
205425;OF011566;E
195612;OF020924;C
200650;OF005714;E
50030;OF011571;C
236844;OF017427;F
208399;OF020575;E
213276;OF023909;E
240571;OF025643;F
201668;OF000299;E
206931;OF000315;E
200950;OF009518;E
202154;OF010548;E
201066;OF011846;E
207283;OF017235;E
205746;OF022332;E
51948;OF005064;C
42368;OF011556;C
94510;OF017251;C
204539;OF019247;E
210208;OF020573;E
47384;OF004762;C
212249;OF021741;E
212869;OF021784;E
92933;OF022775;C
215834;OF023961;E
205156;OF009401;E
212080;OF016875;E
211181;OF020537;E
214734;OF021003;E
201365;OF005096;E
207086;OF005552;E
205314;OF009405;E
213371;OF013625;E
204400;OF005101;E
202963;OF005576;E
204775;OF017961;E
213859;OF018971;E
211233;OF020610;E
208750;OF023868;E
201904;OF005546;E
40702;OF009432;C
207356;OF000020;E
39231;OF014235;C
209543;OF020607;E
212149;OF021837;E
209818;OF023853;E
195971;OF023995;C
239172;OF025619;E
206282;OF010596;E
204624;OF003198;E
208104;OF016557;E
236671;OF019012;F
202841;OF004407;E
211482;OF023917;E
205299;OF005908;E
201541;OF005910;E
203525;OF005912;E
200061;OF005941;E
42383;OF010447;C
202474;OF005131;E
205626;OF005414;E
28180;OF005474;A
31653;OF005868;A
206355;OF016223;E
329768;OF026252;B
34581;OF001948;A
28176;OF005873;A
201674;OF011650;E
200247;OF014250;E
207848;OF005943;E
203755;OF005945;E
206550;OF011606;E
209661;OF019057;E
92947;OF023806;C
208594;OF023854;E
206212;OF005905;E
205001;OF005907;E
203633;OF005928;E
201607;OF021041;E
200469;OF021043;E
232317;OF022924;A
55978;OF015762;C
236284;OF016825;F
236459;OF022348;F
202464;OF022760;E
255978;OF025572;F
239510;OF025645;E
212539;OF014486;E
329811;OF015734;M
199878;OF016766;E
94205;OF017677;C
200743;OF021813;E
203552;OF024126;E
215929;OF024148;E
63465;OF000364;C
49393;OF009916;C
49494;OF015960;C
52035;OF016755;C
200848;OF016765;E
42796;OF018120;C
29481;OF018152;C
45064;OF018223;C
93087;OF018255;C
53161;OF018307;C
199643;OF021532;E
94149;OF023616;C
209641;OF013636;E
43480;OF018209;C
41204;OF018229;C
155469;OF020978;C
201497;OF002895;E
53158;OF018126;C
29486;OF018169;C
75359;OF018186;C
75316;OF018198;C
75312;OF018272;C
54187;OF018356;C
56542;OF000384;C
199698;OF008351;E
204838;OF014149;E
44979;OF018323;C
207392;OF001902;E
204660;OF014159;E
204044;OF014904;E
42795;OF018216;C
214603;OF020359;E
48693;OF011245;C
204467;OF018149;E
208868;OF019191;E
35512;OF010595;A
205224;OF005104;E
37896;OF002784;C
37954;OF009491;B
231671;OF023367;E
37956;OF009866;B
206864;OF020240;E
214242;OF021742;E
208178;OF009044;E
204927;OF022336;E
213187;OF026295;E
199963;OF017947;E
205119;OF017962;E
230806;OF022091;B
203273;OF020162;E
201428;OF009517;E
203204;OF016528;E
207791;OF016537;E
205110;OF017012;E
205917;OF005946;E
206589;OF022943;E
206938;OF017288;E
155696;OF020923;C
211248;OF021668;E
48497;OF021704;C
31952;OF009628;A
209664;OF021771;E
211626;OF024548;E
211916;OF024698;E
200537;OF021847;E
211062;OF021859;E
234287;OF023980;E
39555;OF005669;A
206393;OF015785;E
205151;OF016828;E
204350;OF020102;E
213142;OF024090;E
230317;OF024589;E
206046;OF002910;E
207562;OF013696;E
202936;OF017936;E
94333;OF018722;C
204692;OF019868;E
215818;OF021755;E
215991;OF023359;E
49884;OF000348;C
53692;OF000377;C
29753;OF002995;C
32839;OF009511;A
63470;OF010505;C
206317;OF022341;E
29749;OF002987;C
52662;OF003014;C
93529;OF017822;C
203645;OF020239;E
47757;OF002990;C
41700;OF004756;C
203526;OF022961;E
30756;OF000337;C
41360;OF000339;C
56149;OF000351;C
202687;OF002911;E
57648;OF003009;C
208800;OF011332;E
94336;OF014097;C
93542;OF017362;C
196369;OF023225;C
231190;OF024385;E
204644;OF005951;E
202468;OF024640;E
201338;OF017944;E
208191;OF021965;E
215970;OF024006;E
329243;OF026374;E
205536;OF017271;E
93291;OF019098;C
206439;OF016788;E
216485;OF022359;C
215826;OF023742;E
255895;OF025577;F
239105;OF025579;F
255894;OF025573;F
205676;OF026405;E
211997;OF024679;E
208757;OF013538;E
329013;OF026199;E
53924;OF015829;C
53930;OF015898;C
37961;OF021534;B
209325;OF021799;E
206537;OF015846;E
38845;OF016795;B
203664;OF016810;E
236765;OF022939;F
40991;OF015819;C
62108;OF015828;C
40990;OF015838;C
42084;OF015900;C
212923;OF020605;E
94117;OF023600;C
201308;OF017941;E
207867;OF020937;E
207771;OF012151;E
339026;OF024442;E
200830;OF019864;E
48731;OF009300;C
201990;OF005949;E
212654;OF011309;E
205935;OF019997;E
230367;OF023029;E
231708;OF023310;E
215993;OF021873;E
201189;OF010500;E
200732;OF021576;E
239529;OF025512;E
239460;OF026411;E
234778;OF025039;E
200852;OF015862;E
206180;OF018333;E
203537;OF018696;E
239056;OF025550;E
339083;OF026466;E
206059;OF014546;E
231134;OF024201;E
329527;OF026481;E
338984;OF009117;E
206900;OF024166;E
202598;OF016775;E
328771;OF026478;E
204697;OF001897;E
203562;OF018295;E
230438;OF024199;E
239502;OF025544;E
202048;OF018339;E
328913;OF026479;E
339093;OF026488;E
201010;OF001908;E
49455;OF009301;C
34587;OF011639;A
236387;OF021593;F
207189;OF023011;E
340955;OF026338;C
339029;OF026498;E
206606;OF022233;E
256617;OF026483;E
44328;OF012189;C
211235;OF018981;E
208201;OF023903;E
201643;OF005100;E
211962;OF020579;E
204132;OF020952;E
236391;OF012213;F
202208;OF020237;E
213349;OF023726;E
210440;OF011329;E
45925;OF007418;C
234781;OF025110;E
49217;OF013612;C
211595;OF020615;E
213722;OF023931;E
340229;OF026882;E
212705;OF018972;E
56098;OF024059;C
56189;OF000358;C
203353;OF014150;E
56097;OF020561;C
234199;OF023098;E
53689;OF000353;C
215663;OF021077;C
201029;OF014162;E
210240;OF024651;E
52244;OF008934;C
243350;OF025502;C
239441;OF025536;E
213054;OF021653;E
205370;OF005365;E
199897;OF005522;E
201159;OF005543;E
207590;OF005580;E
201230;OF010617;E
200657;OF011580;E
204570;OF011600;E
56767;OF013782;C
45841;OF010490;C
199650;OF018750;E
213573;OF011297;E
239493;OF025508;E
45723;OF019005;C
206318;OF000019;E
75852;OF011123;C
206756;OF013672;E
203451;OF017733;E
195598;OF022799;C
232321;OF024576;E
221337;OF024623;E
201486;OF005085;E
93231;OF018741;C
209900;OF021606;E
207163;OF010835;E
213384;OF022741;E
30610;OF007549;A
237032;OF020400;F
207327;OF018644;E
342120;OF026719;F
45287;OF010491;C
93232;OF018739;C
239573;OF025636;E
207401;OF019560;E
240661;OF025628;E
339092;OF027070;E
34923;OF014444;C
208517;OF023707;E
210865;OF020613;E
213113;OF021763;E
342073;OF026695;E
93788;OF021683;C
211974;OF023710;E
207987;OF024185;E
353757;OF027187;E
205812;OF021367;E
212326;OF011280;E
201419;OF023350;E
230429;OF023365;E
234233;OF024042;E
210348;OF020529;E
203277;OF023357;E
255835;OF025615;E
255784;OF021344;E
342427;OF027203;E
214523;OF027205;E
199856;OF014186;E
236837;OF022349;F
205285;OF023059;E
199676;OF002893;E
49408;OF011130;C
206408;OF014176;E
212648;OF018960;E
195968;OF020919;C
215660;OF022773;C
216235;OF022785;C
196457;OF022798;C
196510;OF023192;C
354499;OF008766;F
42038;OF009345;C
75882;OF009459;C
202078;OF020229;E
155526;OF020819;C
216957;OF023981;C
50593;OF000340;C
47600;OF002800;C
200438;OF008536;E
55846;OF009193;C
206648;OF018860;E
214598;OF023093;E
204195;OF000316;E
195787;OF001984;C
50488;OF009231;C
211939;OF011289;E
206360;OF015690;E
205680;OF018700;E
195961;OF020918;C
155789;OF023151;C
230398;OF024383;E
354378;OF027204;E
49019;OF012150;C
206152;OF015520;E
206578;OF017009;E
204157;OF022962;E
234249;OF022985;E
203778;OF023089;E
217753;OF023704;C
231000;OF024395;C
46321;OF003809;C
94047;OF017521;C
197157;OF022788;C
232442;OF022983;E
236865;OF021533;F
213642;OF021677;E
47616;OF022839;C
205650;OF021373;E
93807;OF022822;C
206972;OF001868;E
207334;OF001878;E
51490;OF009372;C
207453;OF010498;E
205768;OF015689;E
211748;OF019045;E
214214;OF021655;E
211007;OF021783;E
216723;OF022759;E
203407;OF023020;E
211758;OF023918;E
209867;OF024556;E
40548;OF011197;C
205903;OF017678;E
55929;OF022811;C
48450;OF022828;C
215648;OF023204;C
355200;OF027218;E
202906;OF000318;E
201244;OF017371;E
196347;OF020558;C
210747;OF023876;E
342415;OF027215;E
204425;OF023041;E
49399;OF009249;C
204078;OF020057;E
230503;OF023999;C
355204;OF027313;E
215846;OF027406;E
48082;OF015821;C
51522;OF015824;C
51245;OF023177;C
94134;OF023611;C
53927;OF015760;C
75943;OF015763;C
202033;OF016789;E
213763;OF020609;E
213950;OF023944;E
200488;OF015778;E
202011;OF015844;E
52034;OF016781;C
34711;OF022860;A
34708;OF022871;A
202546;OF024118;E
234453;OF025069;A
234471;OF025105;A
50501;OF009205;C
140741;OF023626;C
212970;OF023847;E
211024;OF023886;E
35509;OF016246;A
214226;OF020612;E
338821;OF027417;A
200817;OF016539;E
206078;OF019402;E
206229;OF015787;E
203844;OF001900;E
60248;OF001967;C
39547;OF005486;A
201585;OF021575;E
207118;OF021580;E
234488;OF025043;A
53100;OF001974;C
33176;OF005040;A
205520;OF022991;E
35589;OF005029;A
317158;OF026750;A
216963;OF022149;C
37337;OF022903;A
40550;OF020916;C
45914;OF008527;C
239023;OF025112;A
340573;OF027285;A
239030;OF027418;A
205157;OF021352;E
47615;OF024483;C
48813;OF001975;C
202731;OF011591;E
201881;OF021573;E
48007;OF022087;C
206136;OF023005;E
234270;OF023315;E
215850;OF024310;E
234800;OF025522;E
234705;OF025661;E
239552;OF025676;E
203228;OF014006;E
213796;OF021754;E
212949;OF021774;E
213867;OF024603;E
236986;OF025659;E
35017;OF001950;A
205050;OF005555;E
202103;OF005587;E
204595;OF024342;E
234711;OF025082;E
207164;OF005299;E
199962;OF015855;E
201237;OF017268;E
200639;OF021372;E
329210;OF026194;E
356781;OF027688;E
28055;OF001929;A
205532;OF005291;E
202075;OF015911;E
208451;OF020932;E
35605;OF022866;A
234467;OF025049;A
239289;OF027415;A
201501;OF005524;E
203299;OF005544;E
203489;OF005545;E
31694;OF010599;A
210522;OF021004;E
33168;OF022919;A
353542;OF027252;A
202486;OF005578;E
48462;OF022831;C
33495;OF022877;A
33626;OF022888;A
341433;OF026856;E
74451;OF027413;A
202780;OF001881;E
205886;OF015686;E
201689;OF017531;E
204805;OF022761;E
239044;OF025447;A
112671;OF019536;C
217709;OF022154;C
215559;OF023143;C
205867;OF010471;E
206680;OF023022;E
235060;OF025056;A
32403;OF027414;A
356752;OF027687;E
35019;OF001945;A
94165;OF016800;C
217449;OF023084;E
205568;OF024366;E
342452;OF027398;E
207362;OF027692;E
207060;OF027693;E
234697;OF025647;E
210304;OF010411;E
36185;OF007195;A
196041;OF020164;C
338858;OF026680;C
207711;OF023023;E
207162;OF024225;E
342473;OF027469;E
205391;OF010473;E
341388;OF027694;E
208613;OF009048;E
342646;OF027251;A
205302;OF005077;E
203640;OF005091;E
37432;OF010538;A
207793;OF027700;E
203588;OF027701;E
204199;OF027702;E
202538;OF027710;E
211426;OF013524;E
94103;OF016799;C
34822;OF005028;A
201416;OF008537;E
206618;OF009298;E
93522;OF023139;C
342422;OF027704;E
207661;OF019271;E
196512;OF002993;C
200106;OF017737;E
201658;OF018753;E
206509;OF023356;E
203340;OF000024;E
41607;OF000087;C
45836;OF000091;C
236507;OF000262;N
51644;OF000431;B
31366;OF000493;A
35796;OF001926;A
202242;OF002123;E
34828;OF002169;A
32828;OF002182;A
41291;OF002205;C
76154;OF002294;C
329789;OF002308;M
47733;OF002805;C
207157;OF002905;E
203388;OF003222;E
30448;OF003310;C
56020;OF003321;C
236852;OF003709;F
328897;OF026167;F
75494;OF003802;C
207558;OF004740;E
202629;OF004755;E
51358;OF004763;C
55228;OF004765;C
46267;OF004768;C
236595;OF004798;F
35479;OF004974;A
236437;OF005742;F
236782;OF005760;F
236821;OF005774;F
37565;OF005824;B
28969;OF005826;B
28116;OF007336;A
329828;OF007508;M
203411;OF007550;E
38576;OF007567;C
40914;OF008067;B
201361;OF008111;E
207395;OF008533;E
52382;OF009001;C
55840;OF009029;C
42010;OF009032;C
212252;OF009051;E
212055;OF009091;E
214410;OF009103;E
212588;OF009128;E
213816;OF009133;E
213815;OF009137;E
30119;OF009170;C
49337;OF009241;C
48838;OF009258;C
329799;OF009395;M
201913;OF009409;E
50987;OF009417;C
49454;OF009463;C
32837;OF009513;A
44981;OF009922;C
45013;OF009965;C
39783;OF009978;C
45235;OF009980;C
29498;OF009983;C
40906;OF010086;B
210551;OF010412;E
31343;OF010425;C
54691;OF010487;C
200414;OF010494;E
54446;OF010735;C
76155;OF010824;C
61513;OF011129;C
54449;OF011137;C
49401;OF011171;C
50246;OF011187;C
47907;OF011190;C
54450;OF011226;C
236153;OF011261;F
212293;OF011271;E
209221;OF011288;E
236527;OF011294;N
211846;OF011313;E
208791;OF011322;E
209377;OF011331;E
329849;OF011420;M
205454;OF011647;E
37966;OF011748;B
56625;OF011761;D
51467;OF011766;D
42435;OF011903;C
53226;OF013521;C
213545;OF013526;E
329855;OF013563;M
211326;OF013577;E
208648;OF013600;E
340953;OF013879;E
212543;OF013930;E
202224;OF014245;E
76128;OF014373;C
53092;OF014383;D
42668;OF014386;C
29042;OF014419;C
329421;OF014438;C
112478;OF014449;C
203642;OF015439;E
214370;OF016029;E
207292;OF016068;E
75528;OF016108;C
236769;OF016368;F
38077;OF016393;A
41886;OF016451;C
49129;OF016461;C
236235;OF016506;F
206817;OF016741;E
53223;OF017214;C
206528;OF017347;E
94786;OF017366;C
43974;OF017445;C
201606;OF017659;E
204402;OF017938;E
200736;OF017958;E
329788;OF018089;M
31072;OF018096;C
340370;OF026793;C
54357;OF018119;C
49396;OF018125;C
36720;OF018143;C
328956;OF025763;F
36900;OF018171;C
94075;OF018491;C
208627;OF018493;E
207169;OF018600;E
203083;OF018604;E
50189;OF018616;C
204261;OF018624;E
94210;OF018638;C
203923;OF018670;E
200360;OF018701;E
95946;OF018861;B
112651;OF019016;C
236073;OF019195;F
255892;OF019348;F
205149;OF019557;E
114357;OF020062;C
200574;OF020232;E
236996;OF020320;F
209235;OF020397;E
208918;OF020524;E
210531;OF020531;E
214122;OF020549;E
55960;OF020563;C
196583;OF021007;C
217687;OF021349;C
195846;OF021364;C
209792;OF021798;E
236972;OF021876;F
230430;OF022236;E
203266;OF022238;E
95532;OF022802;C
201615;OF023057;E
196458;OF023260;C
214548;OF023960;E
203268;OF024397;E
234866;OF025048;C
256739;OF025410;C
41354;OF000357;C
46301;OF000430;B
40281;OF001976;C
40289;OF001985;C
202550;OF002117;E
34849;OF002174;A
36626;OF002185;A
50185;OF002204;C
49086;OF002211;C
206213;OF002758;E
75502;OF002785;C
47588;OF002787;C
236107;OF002892;F
41765;OF003007;C
206930;OF003194;E
255856;OF025507;E
49572;OF003324;C
48986;OF003326;C
45910;OF003851;C
205220;OF004715;E
31331;OF004732;A
36926;OF004735;A
38036;OF004737;C
202778;OF004786;E
203097;OF004976;E
236715;OF005747;F
236154;OF005756;F
329770;OF005786;M
28968;OF005839;B
46300;OF007639;B
207037;OF008333;E
236682;OF008779;F
236774;OF008808;F
42695;OF008881;C
212944;OF009019;E
210255;OF009046;E
211994;OF009069;E
211880;OF009077;E
340968;OF009102;E
211323;OF009114;E
212734;OF009146;E
50496;OF009218;C
50247;OF009305;C
49447;OF009342;C
41490;OF009390;B
236897;OF009399;F
201858;OF009410;E
38708;OF009512;A
29283;OF009990;C
47877;OF010467;C
200333;OF010741;E
203369;OF010818;E
202017;OF011000;E
48696;OF011169;C
55835;OF011192;C
40547;OF011196;C
56813;OF011219;C
50507;OF011230;C
49411;OF011239;C
212178;OF011286;E
211727;OF011312;E
46293;OF011419;B
34585;OF011638;A
202052;OF011656;E
52892;OF011758;D
59026;OF011770;D
51646;OF011913;B
200217;OF012147;E
50320;OF012216;C
209554;OF013512;E
210880;OF013523;E
208633;OF013539;E
210149;OF013542;E
213638;OF013570;E
208435;OF013638;E
202202;OF013669;E
212201;OF013933;E
47748;OF014170;C
204681;OF014187;E
329796;OF014366;M
41447;OF014372;C
41196;OF014436;C
94044;OF014785;C
202074;OF016070;E
93348;OF016111;C
213579;OF016314;E
49128;OF016456;C
49127;OF016469;C
205375;OF016540;E
237082;OF017005;F
236360;OF017186;F
93321;OF017328;C
202206;OF017394;E
93020;OF017449;C
211005;OF017517;E
236814;OF017600;F
206290;OF017627;E
94218;OF017673;C
199675;OF018073;E
76134;OF018092;C
94610;OF018100;C
49689;OF018123;C
45271;OF018185;C
43474;OF018197;C
55051;OF018224;C
54906;OF018249;C
43472;OF018270;C
29286;OF018301;C
40385;OF018320;C
202029;OF018609;E
201156;OF018626;E
203776;OF018628;E
207608;OF018631;E
114321;OF018658;C
200926;OF018664;E
51364;OF018687;C
208509;OF018819;E
255896;OF018838;F
203207;OF019099;E
207148;OF019106;E
240594;OF025484;E
240570;OF025468;F
329023;OF019321;E
202664;OF019337;E
52820;OF019399;C
205905;OF019406;E
140798;OF019487;C
62649;OF019556;C
200990;OF019561;E
114323;OF019939;C
237020;OF020294;F
208390;OF020395;E
203616;OF020402;E
207409;OF020405;E
205754;OF020422;E
47201;OF020513;C
30326;OF020546;C
159077;OF020584;B
205176;OF020589;E
39629;OF020593;C
36704;OF020595;C
93057;OF020906;C
112510;OF020972;C
205086;OF021353;E
197097;OF021506;C
240563;OF025482;E
216969;OF021794;C
209162;OF021801;E
204151;OF021842;E
195783;OF022174;C
204481;OF022232;E
236702;OF022747;F
206260;OF023012;E
201774;OF023061;E
214507;OF023076;E
236473;OF023130;F
112616;OF023150;C
112555;OF023235;C
155611;OF023657;C
211556;OF024021;E
50475;OF000089;C
33192;OF000191;A
200751;OF000288;E
64363;OF000359;C
36907;OF000473;A
34582;OF001927;A
74543;OF001936;A
28091;OF002159;A
36086;OF002181;A
75990;OF002199;C
49671;OF002215;C
38571;OF003001;C
207611;OF003219;E
30444;OF003250;C
49810;OF003322;C
207135;OF003725;E
202094;OF003755;E
55152;OF003855;C
205790;OF004579;E
36627;OF004709;A
204705;OF004721;E
31333;OF004772;A
236878;OF005764;F
329793;OF005783;M
75089;OF005827;B
51299;OF005837;B
51643;OF007489;B
32267;OF007493;D
50483;OF007944;C
50211;OF008436;C
236558;OF008778;F
34500;OF008803;B
236588;OF008866;F
210948;OF009049;E
210010;OF009082;E
208251;OF009136;E
208796;OF009141;E
55894;OF009207;C
30109;OF009215;C
42003;OF009234;C
30324;OF009376;C
236735;OF009400;F
205843;OF009406;E
50972;OF009442;C
43978;OF009945;C
236374;OF010423;F
200330;OF010736;E
29682;OF010846;C
207720;OF010998;E
48828;OF011116;C
48676;OF011127;C
48823;OF011146;C
47914;OF011165;C
61512;OF011172;C
48822;OF011182;C
49338;OF011215;C
49342;OF011237;C
213294;OF011272;E
208615;OF011302;E
211682;OF011308;E
208743;OF011326;E
49335;OF011643;C
50192;OF011904;C
42059;OF012142;C
46306;OF012160;B
47584;OF012258;C
212140;OF013507;E
55849;OF013530;C
52061;OF013553;C
40063;OF013560;B
56095;OF013613;C
37538;OF013675;C
42305;OF013702;C
204255;OF013881;E
202662;OF014184;E
46304;OF014369;B
51385;OF014374;C
35125;OF014394;C
39426;OF014416;C
36065;OF014425;C
34913;OF014431;C
42767;OF014439;C
211347;OF014480;E
94232;OF014782;C
200314;OF015437;E
212754;OF016026;E
200467;OF016118;E
32680;OF016391;A
39703;OF016478;C
206161;OF016527;E
208432;OF016724;E
213876;OF017213;E
205920;OF017330;E
94633;OF017367;C
93218;OF017386;C
200049;OF017452;E
204242;OF017481;E
236302;OF017592;F
202365;OF017671;E
203884;OF017818;E
203727;OF017933;E
200624;OF017951;E
51638;OF018091;B
240558;OF025477;E
329783;OF018106;M
50226;OF018113;C
54196;OF018130;C
75358;OF018150;C
36901;OF018156;C
49687;OF018174;C
45311;OF018230;C
236923;OF005730;N
45061;OF018325;C
207548;OF018551;E
207096;OF018602;E
203947;OF018611;E
201896;OF018621;E
112650;OF018637;C
93224;OF018660;C
205934;OF018673;E
93347;OF018689;C
214486;OF018835;E
236373;OF018841;F
38846;OF018847;B
200867;OF019097;E
236148;OF019192;N
205615;OF019398;E
28987;OF019465;B
45728;OF019492;C
212771;OF019544;E
200795;OF020059;E
199648;OF020142;E
213424;OF020153;E
236524;OF020319;F
205304;OF020410;E
196063;OF020415;C
201927;OF020420;E
203140;OF020544;E
49721;OF020555;C
213531;OF020580;E
155808;OF020592;C
195632;OF020909;C
215649;OF021810;C
94073;OF021819;C
94048;OF021821;C
155736;OF021835;C
196380;OF021838;C
195859;OF022170;C
237030;OF022235;F
221355;OF023028;E
199793;OF023109;E
256352;OF025387;F
206328;OF000015;E
204485;OF000022;E
236250;OF000266;F
236880;OF001866;F
74565;OF002173;A
49827;OF002201;C
201533;OF002742;E
236346;OF002891;F
207489;OF003208;E
41173;OF003327;C
45289;OF004555;C
41710;OF004733;C
41699;OF004758;C
75515;OF004785;C
236122;OF005739;F
236129;OF005775;F
41477;OF005829;B
40650;OF005838;B
75090;OF007509;B
38545;OF007753;A
33407;OF007759;A
236248;OF008106;F
207301;OF008534;E
40392;OF009186;C
47899;OF009238;C
49461;OF009348;C
329813;OF009396;M
75314;OF009962;C
47387;OF010740;C
62661;OF010826;C
204567;OF011001;E
40412;OF011216;C
75850;OF011235;C
208366;OF011306;E
34611;OF011740;B
28985;OF011743;B
56627;OF011752;D
52891;OF011764;D
206636;OF011909;E
56819;OF013555;C
236525;OF013567;F
212732;OF013572;E
49718;OF013587;C
213105;OF013634;E
63475;OF013701;C
47319;OF014171;C
41557;OF014422;C
94332;OF014880;C
210357;OF016094;E
206119;OF016120;E
47266;OF016457;C
29951;OF016493;C
201851;OF016511;E
51579;OF017010;B
212047;OF017468;E
236258;OF017602;F
51352;OF018094;D
202945;OF018142;E
29499;OF018195;C
93083;OF018334;C
114365;OF018499;C
205238;OF018645;E
206230;OF018671;E
93354;OF018686;C
205213;OF018790;E
207616;OF019032;E
236584;OF018146;F
207381;OF019407;E
231862;OF019412;F
200481;OF019499;E
236366;OF020318;F
213467;OF021796;E
201706;OF023110;E
234290;OF023120;E
214534;OF023766;E
255901;OF025169;F
328951;OF025609;F
236231;OF000264;F
200091;OF000319;E
236340;OF002113;E
34657;OF002172;A
31281;OF002186;A
53193;OF002198;C
50181;OF002209;C
41686;OF002776;C
47599;OF002791;C
329773;OF002871;M
32266;OF003691;D
201504;OF003734;E
47218;OF003873;C
29679;OF004720;C
33408;OF004742;A
205481;OF004746;E
47602;OF004754;C
202979;OF004796;E
236949;OF005745;F
236931;OF005757;F
236351;OF005772;F
41478;OF005833;B
199642;OF007601;E
46604;OF008231;C
236174;OF008777;F
205720;OF009403;E
236668;OF009623;F
236243;OF009892;F
49872;OF010503;C
205037;OF010739;E
62670;OF010828;C
202877;OF010992;E
203621;OF010999;E
236137;OF011109;F
75870;OF011246;C
75107;OF011742;B
57092;OF011751;D
205796;OF011908;E
203580;OF012146;E
213831;OF013535;E
236749;OF013565;F
49932;OF013607;C
49206;OF013614;C
208780;OF013640;E
38447;OF013698;B
207585;OF016112;E
59455;OF016453;C
49130;OF016471;C
207378;OF017537;E
207351;OF017631;E
49688;OF018115;C
45066;OF018151;C
203623;OF018159;E
44984;OF018187;C
55066;OF018204;C
41024;OF018219;C
40368;OF018233;C
93112;OF018250;C
34050;OF018615;A
236415;OF018145;F
51554;OF018846;B
199667;OF019100;E
207920;OF019382;E
236266;OF020028;F
236509;OF020295;F
214545;OF020516;E
196221;OF020921;C
236251;OF021518;F
94045;OF021823;C
215620;OF022169;C
236213;OF022852;F
217010;OF023208;C
239063;OF024156;F
255883;OF025386;F
255891;OF025613;F
45280;OF000095;C
32824;OF002179;A
329841;OF008767;M
211731;OF009063;E
211761;OF009147;E
44800;OF009912;C
207294;OF010972;E
74567;OF018608;A
204913;OF020235;E
140734;OF020976;C
239507;OF025666;E
200166;OF004729;E
329858;OF008764;M
236285;OF008776;F
212867;OF009017;E
209565;OF009022;E
212330;OF010417;E
205364;OF010769;E
38847;OF012141;B
42371;OF013780;C
203151;OF017274;E
201080;OF017939;E
203287;OF018441;E
236555;OF020813;F
213391;OF023727;E
38038;OF004726;C
236112;OF008770;F
210731;OF009078;E
50989;OF009428;C
204519;OF009817;E
40070;OF011744;B
29059;OF014455;C
208495;OF016095;E
46303;OF017171;B
236502;OF017302;F
45722;OF018738;C
201684;OF019383;E
47042;OF020291;B
30732;OF022858;A
48688;OF009226;C
236200;OF026184;E
40551;OF009466;C
50009;OF011711;C
207818;OF014520;E
202281;OF017295;E
45015;OF018132;C
53846;OF018180;C
204292;OF018538;E
230442;OF022278;E
210379;OF023734;E
205289;OF005304;E
54453;OF009277;C
205691;OF010624;E
207602;OF017279;E
205264;OF017281;E
342341;OF017954;E
56076;OF018563;C
234676;OF025099;E
75988;OF002206;C
51636;OF007184;B
236629;OF008772;F
57193;OF010748;C
59025;OF011767;D
40921;OF017202;B
206295;OF017269;E
236471;OF017594;F
236773;OF020303;F
236496;OF021875;F
28183;OF022868;A
47120;OF000097;C
205943;OF002115;E
236697;OF005750;F
236461;OF005753;F
237016;OF005755;F
236889;OF005770;F
40651;OF005836;B
40149;OF010115;B
47051;OF011456;B
204011;OF013668;E
207252;OF014921;E
237087;OF017027;F
236486;OF019414;F
215775;OF020099;B
93489;OF021069;C
236170;OF023129;F
55318;OF014889;C
93499;OF017441;C
236985;OF017604;F
237031;OF021032;F
45829;OF000180;C
236491;OF005766;F
236162;OF005778;F
236355;OF008811;F
34515;OF011739;B
51585;OF013934;B
207925;OF017286;E
236796;OF017607;F
56798;OF018107;C
236332;OF020296;F
28185;OF025006;A
236458;OF005762;F
204213;OF010768;E
236086;OF014908;F
202489;OF014919;E
205462;OF017258;E
236426;OF017601;F
93237;OF018736;C
235061;OF020306;D
74635;OF005861;A
75117;OF011454;B
40795;OF020257;B
28184;OF005488;A
74652;OF010590;A
236182;OF019384;F
84365;OF022907;A
328792;OF026169;F
201057;OF005125;E
240586;OF025467;F
207575;OF005108;E
204653;OF021018;E
240626;OF025384;F
328947;OF025724;F
37892;OF002781;C
207770;OF005112;E
206338;OF011617;E
211768;OF021622;E
201374;OF023108;E
33180;OF010566;A
236226;OF014380;F
203345;OF022998;E
211546;OF021609;E
340410;OF002899;E
37123;OF005468;A
206766;OF010581;E
236962;OF011262;F
47923;OF016499;C
202961;OF016510;E
27880;OF019074;A
55220;OF023136;C
209910;OF020523;E
49864;OF000375;C
205863;OF005137;E
40926;OF011458;B
206270;OF016512;E
208016;OF019403;E
221504;OF022374;E
195884;OF023137;C
209122;OF024562;E
201303;OF000314;E
35045;OF000474;A
236740;OF002890;F
75116;OF010246;B
29947;OF016496;C
207702;OF016552;E
236879;OF023133;F
202677;OF000310;E
49595;OF000331;C
42301;OF000381;C
36384;OF000483;A
37115;OF005458;A
34821;OF005469;A
35503;OF005473;A
74645;OF005484;A
33564;OF011585;A
208469;OF019059;E
33572;OF016304;A
30663;OF016712;C
51244;OF019105;C
93329;OF019310;C
34928;OF022889;A
239480;OF025131;F
239163;OF025487;E
207345;OF005115;E
201636;OF005567;E
205270;OF005914;E
200242;OF007536;E
207010;OF016227;E
206250;OF020401;E
236440;OF022377;F
240572;OF025500;F
204782;OF002897;E
206339;OF005702;E
204265;OF008802;E
208142;OF017234;E
94650;OF018745;C
236422;OF019394;F
236551;OF023121;F
50910;OF000373;C
35018;OF001933;A
41987;OF001986;C
206981;OF002908;E
202605;OF009522;E
202755;OF014727;E
201043;OF017454;E
205480;OF021582;E
230820;OF022762;C
239167;OF025044;E
205160;OF018748;E
211796;OF009060;E
57612;OF010173;C
35721;OF005871;A
200761;OF005929;E
205047;OF016249;E
239602;OF025616;E
205946;OF005087;E
211886;OF009065;E
208146;OF017034;E
236329;OF021350;F
196006;OF023217;C
200258;OF025490;E
200520;OF005093;E
199928;OF005919;E
204864;OF005932;E
207312;OF005934;E
214355;OF009143;E
204638;OF011628;E
200944;OF014912;E
210273;OF018834;E
236875;OF018844;F
236268;OF019517;F
215951;OF023080;E
232332;OF023313;E
200860;OF024229;E
255834;OF025494;E
240634;OF025630;F
35600;OF005017;A
205115;OF005117;E
201337;OF005124;E
50981;OF009437;C
28195;OF011619;A
217008;OF024009;C
234754;OF025623;E
205659;OF005110;E
207689;OF005927;E
55924;OF009304;C
55213;OF012255;C
217757;OF023268;C
340287;OF025731;F
75245;OF008908;C
62055;OF009344;C
43539;OF012197;C
203879;OF021348;E
195568;OF022771;C
256367;OF025602;E
203331;OF005097;E
48720;OF009306;C
55901;OF009452;C
209619;OF020538;E
214051;OF020569;E
212461;OF023855;E
234717;OF025627;E
210334;OF009107;E
48904;OF009440;C
48037;OF009460;C
353377;OF018826;E
210970;OF019063;E
209553;OF020522;E
210640;OF020530;E
209260;OF020577;E
48058;OF009429;C
75880;OF011222;C
49452;OF023325;C
200872;OF005701;E
49443;OF009311;C
205823;OF011633;E
199711;OF024268;E
202545;OF005713;E
206098;OF011570;E
205117;OF013497;E
213767;OF020536;E
195967;OF022778;C
215836;OF023962;E
207935;OF000282;E
49450;OF009375;C
207640;OF010576;E
41416;OF021039;C
203543;OF005118;E
209333;OF011295;E
236146;OF016745;F
211942;OF018820;E
207002;OF009411;E
202328;OF019890;E
210631;OF023923;E
94513;OF014253;C
155721;OF020925;C
208493;OF023738;E
237086;OF025612;E
208693;OF011274;E
236563;OF019455;F
212180;OF020576;E
216908;OF023832;C
202633;OF005136;E
209237;OF009045;E
206989;OF003221;E
200036;OF005706;E
210610;OF020608;E
213881;OF020611;E
199826;OF005533;E
203671;OF005950;E
208973;OF016721;E
205202;OF000023;E
213422;OF018975;E
214254;OF020617;E
211333;OF023843;E
209061;OF023913;E
202149;OF024321;E
202234;OF005540;E
206950;OF018933;E
201966;OF016547;E
210861;OF018968;E
214542;OF020616;E
236227;OF019500;F
204695;OF005909;E
207234;OF005911;E
201372;OF005942;E
33328;OF005866;A
204236;OF005935;E
42370;OF014246;C
201466;OF024332;E
36422;OF001947;A
204409;OF002754;E
50025;OF005886;C
31696;OF010438;A
200530;OF011661;E
94030;OF020604;C
201309;OF005924;E
203459;OF005944;E
76131;OF008862;C
203963;OF011607;E
203389;OF021042;E
210052;OF023911;E
49663;OF002208;C
201307;OF005906;E
206486;OF005926;E
203933;OF005954;E
221418;OF024374;E
206758;OF011469;E
205473;OF015789;E
236736;OF022177;F
196210;OF022351;C
240624;OF025571;F
255884;OF025574;F
255880;OF025689;E
36076;OF010462;A
50487;OF015685;C
55985;OF015957;C
34514;OF016821;B
205467;OF018635;E
209109;OF023758;E
206979;OF024143;E
216794;OF024149;E
205814;OF005122;E
206257;OF014024;E
94167;OF016749;C
201629;OF016764;E
53157;OF018148;C
29495;OF018188;C
93084;OF018251;C
75368;OF018292;C
48885;OF023587;C
341430;OF024280;E
328826;OF026253;E
210593;OF013637;E
41208;OF018225;C
49685;OF018245;C
75320;OF018354;C
256746;OF025605;C
44978;OF018181;C
49547;OF018196;C
45062;OF018222;C
201993;OF018326;E
213993;OF020618;E
44980;OF018221;C
56185;OF000349;C
205194;OF014021;E
206714;OF001879;E
205036;OF011646;E
44982;OF018168;C
203202;OF001869;E
203378;OF010493;E
94089;OF017536;C
94079;OF019084;C
62048;OF009321;C
206034;OF022944;E
207229;OF022754;E
68644;OF015754;D
37953;OF009492;B
204790;OF011492;E
200032;OF021354;E
93319;OF019341;C
234783;OF025672;E
203137;OF019014;E
339045;OF026340;E
202651;OF010991;E
205105;OF016532;E
203960;OF016538;E
208094;OF022997;E
200620;OF017630;E
50974;OF009431;C
210235;OF011283;E
31645;OF005662;A
211922;OF020966;E
230328;OF024038;E
28096;OF004806;A
201923;OF015790;E
230357;OF024040;E
236659;OF025581;E
30757;OF000335;C
74576;OF000484;A
48391;OF002999;C
46964;OF003012;C
57652;OF009810;C
207416;OF014173;E
93531;OF017821;C
199816;OF017945;E
205003;OF019538;E
200173;OF023283;E
214531;OF023959;E
204711;OF000300;E
35847;OF002309;A
201212;OF002918;E
42299;OF010504;C
209058;OF013568;E
205620;OF022960;E
205142;OF002937;E
75589;OF003003;C
200033;OF020238;E
196291;OF022375;C
205984;OF002938;E
201965;OF015986;E
93527;OF015527;C
232474;OF022984;E
256339;OF025598;E
41356;OF000338;C
35713;OF000490;A
47951;OF002994;C
30762;OF013705;C
207138;OF014189;E
201604;OF024358;E
207588;OF010834;E
206937;OF016516;E
239580;OF025677;E
207248;OF015858;E
207321;OF016840;E
216868;OF023206;C
203084;OF024142;E
240589;OF025578;F
36184;OF005637;A
236691;OF022940;F
212797;OF019078;E
48749;OF015827;C
207649;OF015859;E
206596;OF015919;E
206420;OF021535;E
94133;OF023610;C
28057;OF015881;A
51587;OF016796;B
205406;OF017934;E
94118;OF023601;C
40988;OF015823;C
42080;OF015832;C
51507;OF015841;C
211745;OF018978;E
114371;OF022358;C
203809;OF017960;E
203567;OF025653;E
205503;OF019514;E
201019;OF026496;E
208735;OF023858;E
200628;OF019004;E
328800;OF026420;E
206630;OF003758;E
200719;OF017437;E
210281;OF021832;E
231145;OF023031;E
200734;OF003748;E
203819;OF023047;E
206999;OF019408;E
215784;OF023024;E
196082;OF023666;C
203785;OF015909;E
207998;OF015853;E
202748;OF015922;E
201589;OF024171;E
201751;OF018274;E
239435;OF025545;E
234808;OF025551;E
329032;OF026467;E
202099;OF018321;E
339031;OF026480;E
340916;OF026486;E
203520;OF024175;E
205530;OF015988;E
221543;OF023363;E
328791;OF026487;E
205180;OF018247;E
205784;OF024179;E
255867;OF025543;E
239439;OF025546;E
207660;OF021848;E
328782;OF026484;E
32606;OF001949;A
329508;OF026446;E
328940;OF026482;E
208176;OF020935;E
328894;OF026485;E
201809;OF024167;E
29094;OF008959;C
213505;OF023951;E
202578;OF005107;E
64103;OF012162;C
210504;OF020581;E
232327;OF023977;E
200797;OF019946;E
201470;OF022945;E
200043;OF015025;E
52453;OF012186;C
211582;OF020574;E
39918;OF020583;C
211299;OF020622;E
196244;OF022780;C
75251;OF008994;C
213138;OF020624;E
63467;OF000347;C
53768;OF007339;C
239599;OF019249;E
207561;OF021078;E
217316;OF023094;E
236913;OF019010;F
206527;OF019540;E
234779;OF025580;E
329082;OF026499;E
51355;OF009818;C
256679;OF026339;B
203900;OF022946;E
49304;OF001982;C
94551;OF017298;C
94150;OF022350;C
199987;OF005306;E
205610;OF005518;E
205598;OF005526;E
200374;OF005708;E
199965;OF010539;E
41421;OF010622;C
329414;OF017192;E
203354;OF018539;E
352494;OF005581;E
94054;OF018787;C
206117;OF000021;E
45891;OF000105;C
50512;OF011170;C
61497;OF011191;C
200443;OF013674;E
208026;OF018751;E
221342;OF024036;E
204916;OF005563;E
47885;OF011113;C
202288;OF019865;E
199714;OF018218;E
340308;OF026885;F
93221;OF018743;C
328642;OF026202;C
210299;OF014056;E
339025;OF026462;E
211320;OF013520;E
204469;OF023287;E
213817;OF024022;E
221426;OF024196;E
204923;OF017676;E
207762;OF021358;E
206154;OF021374;E
212245;OF019062;E
155589;OF020664;C
211928;OF020619;E
215992;OF023360;E
208820;OF024026;E
239583;OF025657;E
214061;OF019056;E
214514;OF023358;E
210798;OF009084;E
212574;OF019064;E
215975;OF021827;E
234838;OF025663;E
207402;OF019336;E
232338;OF022980;E
55860;OF011118;C
41993;OF011194;C
210376;OF013931;E
155741;OF020926;C
196448;OF022782;C
197145;OF022793;C
231161;OF022975;E
234834;OF025648;E
62046;OF009320;C
50990;OF009422;C
48819;OF011177;C
94076;OF020564;C
201101;OF021082;E
30753;OF000369;C
45904;OF003910;C
47898;OF009189;C
204121;OF018699;E
94088;OF023332;C
203496;OF001899;E
197166;OF002780;C
47317;OF010844;C
206023;OF014190;E
200843;OF015695;E
201341;OF019542;E
197091;OF023997;C
340262;OF026842;E
200034;OF001901;E
203638;OF011654;E
201278;OF014183;E
236968;OF016758;F
63294;OF018691;C
195966;OF020822;C
114367;OF021008;C
207132;OF022956;E
232329;OF022979;E
215936;OF023077;E
155502;OF023189;C
76045;OF000350;C
202294;OF014158;E
206723;OF019539;E
203841;OF022957;E
239609;OF025132;C
93234;OF018742;C
214566;OF021370;E
49883;OF000330;C
206111;OF001872;E
200769;OF003195;E
205374;OF011659;E
205179;OF019013;E
94038;OF021577;C
217694;OF022152;C
207463;OF023016;E
231820;OF023032;E
196096;OF023993;C
42045;OF009443;C
202634;OF015692;E
201558;OF021356;E
55355;OF003018;C
214382;OF018823;E
211417;OF021001;E
211665;OF023927;E
49870;OF000342;C
55738;OF016444;C
208930;OF018837;E
112615;OF023149;C
75496;OF008530;C
49514;OF015825;C
155674;OF023191;C
200865;OF015843;E
211737;OF018977;E
208155;OF020933;E
155784;OF022353;C
240574;OF025491;E
54189;OF018172;C
199768;OF015845;E
205441;OF016790;E
35716;OF022867;A
35506;OF022873;A
217408;OF024151;E
239041;OF025094;A
328678;OF026737;C
62087;OF015822;C
214580;OF024146;E
328192;OF026751;A
342125;OF026865;E
50231;OF018102;C
234480;OF025089;A
35502;OF005466;A
33560;OF011899;A
34818;OF016243;A
329265;OF026753;A
34813;OF005463;A
204177;OF016542;E
28172;OF005877;A
208078;OF015977;E
34283;OF001928;A
47874;OF001972;C
197173;OF023162;C
255946;OF025527;C
37263;OF005039;A
47878;OF010454;C
202992;OF011658;E
256332;OF025600;E
215787;OF023025;E
342109;OF026866;E
35508;OF005453;A
201214;OF024181;E
338956;OF026688;F
342158;OF027394;E
200213;OF001883;E
205533;OF005530;E
200895;OF017946;E
205705;OF017948;E
200613;OF023274;E
204639;OF024184;E
221415;OF024373;E
340896;OF026700;E
234730;OF025664;E
200146;OF005584;E
204925;OF014920;E
200375;OF019870;E
232376;OF024388;E
328877;OF026730;E
50053;OF018105;C
46391;OF014164;C
40989;OF015890;C
207527;OF019877;E
39544;OF005045;A
52031;OF015901;C
205070;OF015918;E
34709;OF022865;A
205389;OF024128;E
239029;OF025116;A
36070;OF001925;A
37442;OF022893;A
196301;OF023142;C
38079;OF001932;A
200676;OF005574;E
204256;OF016519;E
34315;OF022874;A
74452;OF022880;A
234465;OF025101;A
201092;OF017273;E
33951;OF001940;A
202548;OF001895;E
60250;OF001983;C
205091;OF010472;E
215580;OF021579;C
27903;OF022856;A
353685;OF027395;E
34285;OF001943;A
74630;OF005036;A
28056;OF010459;A
201628;OF016811;E
207149;OF022346;E
201846;OF024340;E
342135;OF027393;E
208043;OF021574;E
240549;OF025446;A
36421;OF001944;A
202983;OF020058;E
215794;OF023026;E
342472;OF027392;E
47880;OF001979;C
353937;OF027325;C
202481;OF005078;E
200396;OF005103;E
201766;OF021351;E
42794;OF009958;C
221407;OF024370;E
94098;OF016801;C
328191;OF027258;A
74649;OF005031;A
209106;OF020614;E
203620;OF019220;E
202007;OF015691;E
205088;OF012148;E
201974;OF017736;E
202412;OF017459;E
